id,question,answer,category,confidence,difficulty,data_source
1,What was Microsoft's total revenue in fiscal year 2023?,Microsoft's total revenue in fiscal year 2023 was $211.9 billion.,revenue,high,easy,income_statement
2,What was Microsoft's total revenue in fiscal year 2022?,Microsoft's total revenue in fiscal year 2022 was $198.3 billion.,revenue,high,easy,income_statement
3,How much did Microsoft's revenue increase from 2022 to 2023?,"Microsoft's revenue increased by $13.6 billion from 2022 to 2023, representing a 6.9% growth.",revenue_growth,high,easy,income_statement
4,What was Microsoft Cloud revenue in 2023?,Microsoft Cloud revenue in 2023 was $111.6 billion.,cloud_revenue,high,easy,segment_breakdown
5,What percentage of total revenue did Microsoft Cloud represent in 2023?,Microsoft Cloud represented approximately 52.7% of total revenue in 2023.,revenue_mix,high,easy,segment_breakdown
6,What was Microsoft's total cost of revenue in 2023?,Microsoft's total cost of revenue in 2023 was $65.9 billion.,costs,high,easy,income_statement
7,What was Microsoft's gross margin in 2023?,Microsoft's gross margin in 2023 was $146.0 billion.,profitability,high,easy,income_statement
8,What was Microsoft's gross margin percentage in 2023?,Microsoft's gross margin percentage in 2023 was 68.9%.,profitability,high,easy,income_statement
9,How much did Microsoft spend on research and development in 2023?,Microsoft spent $27.2 billion on research and development in 2023.,rd_expenses,high,easy,income_statement
10,What were Microsoft's sales and marketing expenses in 2023?,Microsoft's sales and marketing expenses in 2023 were $22.7 billion.,marketing_expenses,high,easy,income_statement
11,What was Microsoft's net income in fiscal year 2023?,Microsoft's net income in fiscal year 2023 was $72.4 billion.,net_income,high,easy,income_statement
12,What was Microsoft's net income in fiscal year 2022?,Microsoft's net income in fiscal year 2022 was $72.7 billion.,net_income,high,easy,income_statement
13,How did Microsoft's net income change from 2022 to 2023?,"Microsoft's net income decreased slightly from $72.7 billion in 2022 to $72.4 billion in 2023, a decrease of $0.3 billion.",profitability_trend,high,easy,income_statement
14,What was Microsoft's operating income in 2023?,Microsoft's operating income in 2023 was $88.5 billion.,operating_income,high,easy,income_statement
15,What was Microsoft's operating margin in 2023?,Microsoft's operating margin in 2023 was 41.8%.,operating_margin,high,easy,income_statement
16,"What was Microsoft's total assets as of June 30, 2023?","Microsoft's total assets as of June 30, 2023 were $411.9 billion.",total_assets,high,easy,balance_sheet
17,"What was Microsoft's total liabilities as of June 30, 2023?","Microsoft's total liabilities as of June 30, 2023 were $205.8 billion.",total_liabilities,high,easy,balance_sheet
18,"What was Microsoft's total stockholders' equity as of June 30, 2023?","Microsoft's total stockholders' equity as of June 30, 2023 was $206.1 billion.",stockholders_equity,high,easy,balance_sheet
19,"What was Microsoft's cash and cash equivalents as of June 30, 2023?","Microsoft's cash and cash equivalents as of June 30, 2023 were $34.7 billion.",cash_position,high,easy,balance_sheet
20,"What was Microsoft's total debt as of June 30, 2023?","Microsoft's total debt as of June 30, 2023 was $59.7 billion.",debt,high,easy,balance_sheet
21,What was Microsoft's operating cash flow in fiscal year 2023?,Microsoft's operating cash flow in fiscal year 2023 was $87.6 billion.,operating_cash_flow,high,easy,cash_flow_statement
22,What was Microsoft's investing cash flow in fiscal year 2023?,Microsoft's investing cash flow in fiscal year 2023 was -$23.8 billion.,investing_cash_flow,high,easy,cash_flow_statement
23,What was Microsoft's financing cash flow in fiscal year 2023?,Microsoft's financing cash flow in fiscal year 2023 was -$58.9 billion.,financing_cash_flow,high,easy,cash_flow_statement
24,How much did Microsoft spend on share repurchases in 2023?,Microsoft spent $47.5 billion on share repurchases in 2023.,share_repurchases,high,easy,cash_flow_statement
25,What was Microsoft's free cash flow in fiscal year 2023?,Microsoft's free cash flow in fiscal year 2023 was $63.8 billion.,free_cash_flow,high,easy,cash_flow_statement
26,What was the revenue from Office Commercial products and cloud services in 2023?,Office Commercial products and cloud services revenue in 2023 was $44.4 billion.,office_commercial,high,easy,segment_breakdown
27,What was the revenue from Office Consumer products and cloud services in 2023?,Office Consumer products and cloud services revenue in 2023 was $5.7 billion.,office_consumer,high,easy,segment_breakdown
28,What was the revenue from Windows in 2023?,Windows revenue in 2023 was $14.7 billion.,windows,high,easy,segment_breakdown
29,What was the revenue from Xbox content and services in 2023?,Xbox content and services revenue in 2023 was $15.5 billion.,gaming,high,easy,segment_breakdown
30,What was the revenue from LinkedIn in 2023?,LinkedIn revenue in 2023 was $15.2 billion.,linkedin,high,easy,segment_breakdown
31,What are the primary strategic risks related to AI development?,"Primary strategic risks related to AI development include regulatory challenges, ethical concerns, competition from other tech companies, and potential misuse of AI technology.",ai_risks,medium,medium,risk_factors
32,What cybersecurity risks does Microsoft face?,"Microsoft faces cybersecurity risks including sophisticated cyberattacks, data breaches, intellectual property theft, and the need to protect customer data and systems.",cybersecurity_risks,medium,medium,risk_factors
33,What are the main competitive risks for Microsoft?,"Main competitive risks include competition from cloud providers like AWS and Google Cloud, open-source alternatives, and rapid technological changes in the industry.",competitive_risks,medium,medium,risk_factors
34,What regulatory risks does Microsoft face?,"Microsoft faces regulatory risks including antitrust investigations, data privacy regulations like GDPR, and potential changes in tax laws and trade policies.",regulatory_risks,medium,medium,risk_factors
35,What are the risks related to Microsoft's international operations?,"Risks include currency fluctuations, political instability, trade restrictions, and varying regulatory environments across different countries.",international_risks,medium,medium,risk_factors
36,Compare Microsoft's revenue growth between 2022 and 2023.,"Microsoft's revenue grew from $198.3 billion in 2022 to $211.9 billion in 2023, representing a 6.9% increase. This growth was driven by strong performance in cloud services and productivity software.",year_comparison,high,easy,income_statement
37,How did Microsoft's profit margins change from 2022 to 2023?,"Microsoft's gross margin increased from 68.2% in 2022 to 68.9% in 2023, while operating margin increased from 41.5% to 41.8%. Net income margin decreased slightly from 36.7% to 34.2%.",margin_comparison,high,easy,income_statement
38,Compare Microsoft's R&D spending between 2022 and 2023.,"Microsoft's R&D spending increased from $24.5 billion in 2022 to $27.2 billion in 2023, representing an 11.0% increase, reflecting continued investment in innovation and new technologies.",rd_comparison,high,easy,income_statement
39,How did Microsoft's cash position change from 2022 to 2023?,"Microsoft's cash and cash equivalents decreased from $104.8 billion in 2022 to $34.7 billion in 2023, primarily due to share repurchases, dividend payments, and strategic investments.",cash_comparison,high,easy,balance_sheet
40,Compare Microsoft's debt levels between 2022 and 2023.,"Microsoft's total debt increased from $47.0 billion in 2022 to $59.7 billion in 2023, representing a 27.0% increase, primarily due to new debt issuances for strategic purposes.",debt_comparison,high,easy,balance_sheet
41,What is the capital of France?,"This question is not related to Microsoft's financial statements. The capital of France is Paris, but this information is not contained in the financial data.",irrelevant,low,hard,not_applicable
42,What is the weather like in Seattle today?,This question is not related to Microsoft's financial statements. Weather information is not contained in the financial data.,irrelevant,low,hard,not_applicable
43,How do you cook pasta?,This question is not related to Microsoft's financial statements. Cooking instructions are not contained in the financial data.,irrelevant,low,hard,not_applicable
44,What is the population of Tokyo?,This question is not related to Microsoft's financial statements. Population data is not contained in the financial data.,irrelevant,low,hard,not_applicable
45,What is the meaning of life?,This philosophical question is not related to Microsoft's financial statements. Such information is not contained in the financial data.,irrelevant,low,hard,not_applicable
46,What are Microsoft's future growth prospects?,"Based on the financial data, Microsoft shows strong growth in cloud services and productivity software. However, future growth prospects depend on many factors not fully detailed in the financial statements, including market conditions, competition, and technological changes.",future_outlook,low,hard,management_discussion
47,How will AI impact Microsoft's business model?,"While Microsoft is investing heavily in AI (evidenced by R&D spending of $27.2 billion in 2023), the specific impact on the business model is not fully detailed in the financial statements. This would require additional forward-looking analysis.",ai_impact,low,hard,strategic_discussion
48,What is Microsoft's market share in cloud computing?,"The financial statements show Microsoft Cloud revenue of $111.6 billion in 2023, but do not provide specific market share data. This information would require external market research data.",market_share,low,hard,external_data_required
49,How does Microsoft compare to its competitors financially?,"While Microsoft's financial performance is strong with $211.9 billion revenue and $72.4 billion net income in 2023, direct competitor comparisons are not provided in the financial statements. This would require analysis of other companies' financial data.",competitive_analysis,low,hard,external_data_required
50,What is the long-term sustainability of Microsoft's business model?,"Microsoft shows strong financial fundamentals with consistent revenue growth and profitability. However, long-term sustainability depends on many external factors not fully addressed in the financial statements, including technological disruption and market changes.",sustainability,low,hard,strategic_analysis
